page,section,sort,slug,icon,color,title_en,title_es,body_en,body_es,url,extra
home,quicklinks,1,,calendar-days,brand,Service calendar,Calendario de servicio,"Every district, H&I, intergroup and Area meeting — filter by day, type, format or language.","Cada reunión de distrito, H&I, intergrupo y Área — filtra por día, tipo, formato o idioma.",#/meetings,
home,quicklinks,2,,map-location-dot,orange,Find your district,Encuentra tu distrito,Type your city and we will tell you which district your group belongs to.,Escribe tu ciudad y te diremos a qué distrito pertenece tu grupo.,#/districts,
home,quicklinks,3,,address-book,fuchsia,Panel 76 trusted servants,Servidores del Panel 76,"Officers, committee chairs and D.C.M.C.s — with service e-mail addresses.","Oficiales, coordinadores de comité y M.C.D.C. — con correos de servicio.",#/servants,
home,quicklinks,4,,file-lines,emerald,"Minutes, motions & agendas","Actas, mociones y agendas","Everything the Assembly has approved, searchable, dated and stored on this site.","Todo lo aprobado por la Asamblea, con búsqueda, fecha y alojado en este sitio.",#/documents,
home,quicklinks,5,,hand-holding-dollar,teal,7th Tradition,Séptima Tradición,"How a group, a district or a member sends a contribution to Area 09.","Cómo un grupo, un distrito o un miembro contribuye al Área 09.",#/contribute,
home,quicklinks,6,,hand-holding-heart,rose,New to A.A.?,¿Nuevo en A.A.?,"If you want to stop drinking, you are in the right place. Start here.","Si quieres dejar de beber, estás en el lugar correcto. Empieza aquí.",#/newcomers,
home,legacies,1,,shoe-prints,amber,The Twelve Steps,Los Doce Pasos,Recovery — the program of A.A.,Recuperación — el programa de A.A.,https://www.aa.org/the-twelve-steps,
home,legacies,2,,link,fuchsia,The Twelve Traditions,Las Doce Tradiciones,Unity — how A.A. groups stay together.,Unidad — cómo permanecen unidos los grupos.,https://www.aa.org/the-twelve-traditions,
home,legacies,3,,sitemap,cyan,The Twelve Concepts,Los Doce Conceptos,Service — how A.A. as a whole functions.,Servicio — cómo funciona A.A. en su conjunto.,https://www.aa.org/the-twelve-concepts,
newcomers,steps,1,,comments,rose,Talk to someone,Habla con alguien,"Call the central office nearest you. The people who answer are alcoholics who have been where you are — not professionals, not a script.","Llama a la oficina central de tu zona. Contestan alcohólicos que han estado donde tú estás — no profesionales, no un guion.",,
newcomers,steps,2,,magnifying-glass-location,brand,Find a meeting,Encuentra una reunión,"There are meetings every single day across the four counties, in person and online, in English and in Spanish.","Hay reuniones todos los días en los cuatro condados, en persona y en línea, en inglés y en español.",,
newcomers,steps,3,,door-open,amber,Just walk in,Solo entra,There are no dues or fees. You sign nothing. The only requirement is a desire to stop drinking.,No hay cuotas ni honorarios. No firmas nada. El único requisito es el deseo de dejar de beber.,,
newcomers,notdo,1,,xmark,rose,Solicit members; we reach out to those who ask.,No solicita miembros; llegamos a quienes nos buscan.,,,,
newcomers,notdo,2,,xmark,rose,Keep membership records or case histories.,No lleva registros de asistencia ni historiales.,,,,
newcomers,notdo,3,,xmark,rose,"Affiliate with any agency, cause, institution or sect.","No se afilia a ninguna agencia, causa, institución o secta.",,,,
newcomers,notdo,4,,xmark,rose,Follow up or try to control its members.,No hace seguimiento ni intenta controlar a sus miembros.,,,,
newcomers,notdo,5,,xmark,rose,Make medical diagnoses or prognoses.,No da diagnósticos médicos ni pronósticos.,,,,
newcomers,notdo,6,,xmark,rose,"Provide housing, clothing, jobs or money.","No ofrece alojamiento, ropa, empleo ni dinero.",,,,
newcomers,finders,1,,magnifying-glass-location,brand,aa.org/find-aa,aa.org/find-aa,,,https://www.aa.org/find-aa,primary
newcomers,finders,2,,mobile-screen,sky,Meeting Guide,Meeting Guide,,,https://www.aa.org/meeting-guide-app,
newcomers,finders,3,,globe,teal,Online meetings,Reuniones en línea,,,https://aa-intergroup.org/,
contribute,include,1,,users,brand,Meeting group,Grupo de reuniones,"“Meeting group name” and “GSO number”. Don’t know the number? Write the Registrar and he will gladly provide it. Group not registered with G.S.O.? Include the day, time, location and district number.","“Nombre del grupo” y “Número OSG”. ¿No sabes el número? Escribe al Registrador y con gusto te lo da. ¿El grupo no está registrado con la OSG? Incluye día, hora, lugar y número de distrito.",,
contribute,include,2,,map-location-dot,fuchsia,District,Distrito,“District #”.,“Distrito #”.,,
contribute,include,3,,user,teal,Individual,Individual,"“Personal” — name and city; for a birthday contribution, add years of sobriety.","“Vida personal” — nombre y ciudad; para cumpleaños, añade los años de sobriedad.",,
contribute,addresses,1,,envelope,brand,registrar@msca09aa.org,registrar@msca09aa.org,GSO number for your group,Número OSG de tu grupo,mailto:registrar@msca09aa.org,
contribute,addresses,2,,envelope,emerald,treasurerar@msca09aa.org,treasurerar@msca09aa.org,Treasurer A/R,Tesorero A/R,mailto:treasurerar@msca09aa.org,
contribute,addresses,3,,envelope,teal,treasurerap@msca09aa.org,treasurerap@msca09aa.org,Treasurer A/P,Tesorero A/P,mailto:treasurerap@msca09aa.org,
contribute,reading,1,,hand-holding-dollar,emerald,Self-Support: Where Money and Spirituality Mix,Automantenimiento: donde el dinero y la espiritualidad se mezclan,,,https://www.aa.org/self-support-where-money-and-spirituality-mix,
contribute,reading,2,,coins,teal,A.A. Contributions & Self-Support,Contribuciones y automantenimiento de A.A.,,,https://www.aa.org/aa-contributions-self-support,
contribute,reading,3,,link,fuchsia,The Twelve Traditions,Las Doce Tradiciones,,,https://www.aa.org/the-twelve-traditions,
anonymity,rules,1,,user-secret,fuchsia,Names,Nombres,"We publish a member’s first name and last initial only — on every page, in every data file and in every document we upload.","Publicamos solo el nombre de pila y la inicial del apellido de cualquier miembro — en cada página, en cada archivo de datos y en cada documento que subimos.",,
anonymity,rules,2,,envelope,brand,E-mail,Correo electrónico,Contact always runs through a role-based service address (for example registrar@msca09aa.org or d06dcmc@msca09aa.org). We never publish a member’s personal e-mail.,"El contacto siempre se hace por una dirección de servicio basada en el puesto (por ejemplo, registrar@msca09aa.org o d06dcmc@msca09aa.org). Nunca publicamos el correo personal de un miembro.",,
anonymity,rules,3,,phone-slash,rose,Phone numbers,Teléfonos,"We do not publish personal phone numbers. If a district needs a line, it should be a service number, not somebody’s mobile.","No publicamos números de teléfono personales. Si un distrito necesita una línea, debe ser un número de servicio, no el celular de alguien.",,
anonymity,rules,4,,camera,amber,Photographs,Fotos,We do not publish photographs in which an A.A. member’s face can be recognised.,No publicamos fotografías en las que se pueda reconocer el rostro de un miembro de A.A.,,
anonymity,rules,5,,file-shield,teal,Documents & flyers,Documentos y volantes,"Minutes, motions, agendas and event flyers are reviewed before posting to remove last names and personal contact details.","Las actas, mociones, agendas y volantes se revisan antes de publicarlos para quitar apellidos y datos de contacto personales.",,
anonymity,rules,6,,handshake-slash,violet,No affiliation,Sin afiliación,"We do not link to, or imply affiliation with, any outside enterprise, treatment centre, church or cause. Outbound links go to A.A. and A.A. service entities.","No enlazamos ni damos a entender afiliación con ninguna empresa, centro de tratamiento, iglesia o causa externa. Los enlaces salientes van a A.A. y a entidades de servicio de A.A.",,
anonymity,reading,1,,user-secret,fuchsia,A.A. and Anonymity,A.A. y el anonimato,,,https://www.aa.org/aa-and-anonymity,
anonymity,reading,2,,envelope-open-text,brand,Anonymity letter to the media,Carta a los medios,,,https://www.aa.org/anonymity-letter-to-media,
anonymity,reading,3,,link,violet,The Twelve Traditions,Las Doce Tradiciones,,,https://www.aa.org/the-twelve-traditions,
anonymity,reading,4,,shield-heart,teal,Safety and A.A.,Seguridad y A.A.,,,https://www.aa.org/safety-and-aa-flyer,
contact,submit,1,,1,brand,Gather the essentials,Reúne lo esencial,"Date, time, place, who is hosting, and a service e-mail for questions. No last names, no personal e-mail addresses, no personal phone numbers.","Fecha, hora, lugar, quién es anfitrión, y una dirección de servicio de contacto. Sin apellidos, sin correos personales, sin teléfonos personales.",,
contact,submit,2,,2,fuchsia,"Send the words, not just the flyer","Manda el texto, no solo el volante",Paste the flyer’s text into the body of the e-mail. That lets us put it on the page so it is searchable and readable on a phone — attach the flyer as well if you like.,Copia el texto del volante en el cuerpo del correo. Así podemos ponerlo en la página para que se pueda buscar y leer en un teléfono — y adjunta el volante también si quieres.,,
contact,submit,3,,3,orange,Send it to webmaster@msca09aa.org,Envíalo a webmaster@msca09aa.org,"You will get an acknowledgement. If you have not heard back within a week, write the Area Chair.","Te confirmamos la recepción. Si no tienes respuesta en una semana, escribe al Coordinador del Área.",,
contact,addresses,1,,envelope,brand,registrar@msca09aa.org,registrar@msca09aa.org,Group & G.S.R. records,Registro de grupos y R.S.G.,mailto:registrar@msca09aa.org,
contact,addresses,2,,envelope,brand,contributions@msca09aa.org,contributions@msca09aa.org,Seventh Tradition,Séptima Tradición,mailto:contributions@msca09aa.org,
contact,addresses,3,,envelope,brand,webmaster@msca09aa.org,webmaster@msca09aa.org,Website,Sitio web,mailto:webmaster@msca09aa.org,
contact,addresses,4,,envelope,brand,technologychair@msca09aa.org,technologychair@msca09aa.org,Technology / Zoom,Tecnología / Zoom,mailto:technologychair@msca09aa.org,
contact,addresses,5,,envelope,brand,editor@msca09aa.org,editor@msca09aa.org,Newsletter,Boletín,mailto:editor@msca09aa.org,
about,facts,1,,layer-group,brand,Panel,Panel,76 · 2026–2027,76 · 2026–2027,,
about,facts,2,,compass,fuchsia,Region,Región,Pacific Region,Región del Pacífico,,
about,facts,3,,map-location-dot,teal,Districts,Distritos,{districts},{districts},,
about,facts,4,,mountain-sun,amber,Counties,Condados,Orange · Riverside · San Bernardino · Los Angeles,Orange · Riverside · San Bernardino · Los Ángeles,,
about,facts,5,,envelope,emerald,Mail,Correo,"P.O. Box 51446, Irvine, CA 92619-1446","P.O. Box 51446, Irvine, CA 92619-1446",,
