district,display_name,language,type,meeting_pattern,rrule_byday,week_of_month,day_of_week,start_time,end_time,format,location_name,address,city,zoom_id,zoom_passcode,zoom_url,website,email,covers_cities,covers_districts,notes
1 & 3,District 1 & 3,English,District,2nd Thursday,2TH,2,Thursday,18:00,19:00,Hybrid,,2515 Valley Drive,Hermosa Beach,884 2975 1341,Panel76,https://zoom.us/j/88429751341,https://mscadistrict1.org/,d01dcmc@msca09aa.org,Gardena; Hermosa Beach; Lawndale; Manhattan Beach; Palos Verdes Estates; Rancho Palos Verdes; Redondo Beach; Rolling Hills; Rolling Hills Estates; Torrance; Carson; Dominguez; Harbor City; Lomita; San Pedro; Wilmington,,The 2026 grid flyer shows 7:00 PM; the district detail box shows 6:00 PM. 6:00 PM is used here.
2,District 2,English,District,4th Wednesday,4WE,4,Wednesday,19:00,20:00,In person,Imperial Alano Club,8021 Rosecrans,Paramount,,,,,d02dcmc@msca09aa.org,Artesia; Bellflower; Cerritos; Compton; Hawaiian Gardens; Lakewood (north of Carson); Long Beach (north of Carson); Norwalk; Paramount,,
4,District 4,English,District,1st Wednesday,1WE,1,Wednesday,19:00,20:00,Hybrid,Long Beach City College,,Long Beach,996 5396 0080,673617,https://zoom.us/j/99653960080,https://longbeachaa.org/,d04dcmc@msca09aa.org,Avalon; Belmont Shore; Long Beach; Los Alamitos; Naples; Rossmoor,,
5,District 5,English,District,2nd Monday,2MO,2,Monday,19:00,20:00,Hybrid,,19211 Dodge Ave,Santa Ana,897 037 1755,06101935,https://zoom.us/j/8970371755,https://district5msca09.com/,d05dcmc@msca09aa.org,Cowan Heights; Lemon Heights; Orange; Orange Park; Santa Ana; Tustin; Villa Park,,
6,District 6,English,District,1st Tuesday,1TU,1,Tuesday,19:00,20:00,Hybrid,,6652 Heil Ave,Huntington Beach,899 2638 0668,Big6,https://zoom.us/j/89926380668,https://district6area09.org/,d06dcmc@msca09aa.org,Balboa; Corona Del Mar; Fountain Valley; Huntington Beach; Newport Beach; Seal Beach; Sunset Beach,,
7,District 7,English,District,2nd Monday,2MO,2,Monday,18:30,19:30,In person,,9845 Belfast Dr.,Garden Grove,,,,,d07dcmc@msca09aa.org,Garden Grove; Midway City; Stanton; Westminster,,
8,District 8,English,District,3rd Tuesday,3TU,3,Tuesday,19:00,20:00,Hybrid,,6160 Riverside Dr.,Riverside,909 951 1212,(no passcode),https://zoom.us/j/9099511212,,d08dcmc@msca09aa.org,Norco; Corona; Mira Loma; Rubidoux; Riverside; Mentone; Redlands; Moreno Valley; Yucaipa; Calimesa; Big Bear; Bloomington; Blue Jay; Colton; Crestline; Fontana; Grand Terrace; Highland; Lake Arrowhead; Loma Linda; Rialto; Running Springs; San Bernardino,,
9,District 9,English,District,3rd Sunday,3SU,3,Sunday,15:00,17:00,Hybrid,,"35325 Date Palm Drive, #107",Cathedral City,928 8170 4093,642408,https://zoom.us/j/92881704093,https://www.district9gs.com/,d09dcmc@msca09aa.org,Bermuda Dunes; Blythe; Cathedral City; Coachella; Desert Center; Desert Hot Springs; Eagle Mountain; Indian Wells; Indio; La Quinta; North Palm Springs; Palm Desert; Palm Springs; Rancho Mirage; Whitewater,,
10,District 10,English,District,1st Wednesday,1WE,1,Wednesday,19:30,20:30,Hybrid,,,Fullerton,844 6704 7381,001343,https://zoom.us/j/84467047381,,d10dcmc@msca09aa.org,"Anaheim (south of 91, west of 55); Buena Park; Cypress; Fullerton; La Palma",,
12,District 12,English,District,1st Thursday,1TH,1,Thursday,19:15,20:15,In person,,30071 Ivy Glenn Dr.,Laguna Niguel,,,,https://www.mscadistrict12.org/,d12dcmc@msca09aa.org,Aliso Viejo; Capistrano Beach; Dana Point; Laguna Beach; Laguna Hills; Laguna Woods; Laguna Niguel; Lake Forest; Mission Viejo; Modjeska Canyon; Rancho Santa Margarita; San Clemente; San Juan Capistrano; Silverado Canyon; South Laguna; Coto de Caza; Ladera Ranch,,
14,District 14,English,District,3rd Wednesday,3WE,3,Wednesday,19:00,20:00,Hybrid,,120 South Harvard St.,Hemet,896 007 6690,district14,https://zoom.us/j/8960076690,,d14dcmc@msca09aa.org,Anza; Aguanga; Banning; Beaumont; Cabazon; Hemet; Homeland; Juniper Flats; Idyllwild; Romoland; San Jacinto; Winchester,,
15,District 15,English,District,1st Tuesday,1TU,1,Tuesday,19:00,20:00,Hybrid,Grace Lutheran Church,6550 Fairmont Blvd.,Yorba Linda,857 4032 3324,sober,https://zoom.us/j/85740323324,https://www.aadistrict15.com/,d15dcmc@msca09aa.org,Anaheim; Anaheim Hills; Brea; La Habra; Placentia; Yorba Linda,,
17,District 17,English,District,2nd Tuesday,2TU,2,Tuesday,18:30,19:30,In person,,41743 Enterprise Cir. N. #102,Temecula,,,,https://aadistrict17.info/,d17dcmc@msca09aa.org,Canyon Lake; Lake Elsinore; Menifee; Murrieta; Perris; Sun City; Temecula; Wildomar,,
18,District 18,English,District,2nd Tuesday,2TU,2,Tuesday,19:00,20:00,Hybrid,,183 East Bay Street,Costa Mesa,817 8125 1084,District18,https://zoom.us/j/81781251084,,d18dcmc@msca09aa.org,Costa Mesa; Irvine,,GSR School meets at 6:30 PM before the district meeting.
19,District 19,English,District,4th Sunday,4SU,4,Sunday,17:00,18:00,Hybrid,,15885 Main St. Ste. 310,Hesperia,827 9127 7692,768560,https://zoom.us/j/82791277692,,d19dcmc@msca09aa.org,Adelanto; Apple Valley; Barstow; Hesperia; Lucerne Valley; Newberry Springs; Phelan; Trona; Victorville; Wrightwood; Yermo,,
30,District 30,English,District,3rd Friday,3FR,3,Friday,18:00,19:00,Hybrid,,57617 Yucca Trail,Yucca Valley,812 5888 6900,Sober2024,https://zoom.us/j/81258886900,https://www.district30area09.org/,d30dcmc@msca09aa.org,Joshua Tree; Landers; Morongo Valley; Twentynine Palms; Wonder Valley; Yucca Valley,,
20,Distrito 20,Spanish,District,Every Monday,MO,,Monday,19:30,20:30,In person,,"205 W. 1st St., #206",Tustin,,,,,d20dcmc@msca09aa.org,,5; 6; 7; 10; 12; 15; 18,
21,Distrito 21,Spanish,District,"1st, 2nd & 4th Wednesday","1WE,2WE,4WE","1,2,4",Wednesday,20:00,21:00,In person,,"8111 Rosecrans Ave, #H",Paramount,,,,,d21dcmc@msca09aa.org,,1; 2; 3; 4,
22,Distrito 22,Spanish,District,Every Tuesday,TU,,Tuesday,19:00,20:00,In person,,"34116 Date Palm Dr., Suite #17",Cathedral City,,,,,d22dcmc@msca09aa.org,,9; 30; 31,
23,Distrito 23,Spanish,District,Every Friday,FR,,Friday,19:00,20:00,In person,,10838 Hole Ave,Riverside,,,,,d23dcmc@msca09aa.org,,8; 14; 17; 19,
24,Distrito 24,Spanish,District,Every Tuesday,TU,,Tuesday,20:00,21:00,In person,,"12019 Garden Grove Blvd., #206",Garden Grove,,,,,d24dcmc@msca09aa.org,,5; 7; 10; 15,
25,Distrito 25,Spanish,District,Every Monday,MO,,Monday,19:00,20:00,In person,,"222 E Highland Ave, Ste #7",San Bernardino,,,,,d25dcmc@msca09aa.org,,8; 19,
