category,title,meeting_type,date,year,language,format,url,size_kb
Reports,Ad Hoc Website Committee - Final Report (June 2026),,2026-06-24,2026,English,DOCX,docs/reports/ad-hoc-website-committee-final-report-2026-06-24.docx,2240
Motions,Motion A - Background,,2025-08-01,2025,English,DOCX,docs/motions/motion-a-background-en.docx,15
Motions,Motion C - Background,,2025-08-01,2025,English,DOCX,docs/motions/motion-c-background-en.docx,520
Motions,Motion E - Background,,2025-08-01,2025,English,DOCX,docs/motions/motion-e-background-en.docx,16
Minutes,Dec 2024 ASC Minutes,ASC,2024-12-01,2024,English,DOCX,docs/minutes/2024/dec-2024-asc-minutes-en.docx,3483
Minutes,Dec 2024 ASC Minutes,ASC,2024-12-01,2024,Spanish,DOCX,docs/minutes/2024/dec-2024-asc-minutes-es.docx,3817
Minutes,Oct 2024 ASC Minutes,ASC,2024-10-01,2024,English,DOCX,docs/minutes/2024/oct-2024-asc-minutes-en.docx,33
Minutes,Oct 2024 ASC Minutes,ASC,2024-10-01,2024,Spanish,DOCX,docs/minutes/2024/oct-2024-asc-minutes-es.docx,35
Minutes,Sept 2024 ASA Minutes,ASA,2024-09-01,2024,English,DOCX,docs/minutes/2024/sept-2024-asa-minutes-en.docx,3396
Minutes,Sep 2024 ASA Minutes,ASA,2024-09-01,2024,Spanish,DOCX,docs/minutes/2024/sep-2024-asa-minutes-es.docx,3398
Minutes,Aug 2024 ASC Minutes,ASC,2024-08-01,2024,English,DOCX,docs/minutes/2024/aug-2024-asc-minutes-en.docx,3394
Minutes,Aug 2024 ASC Minutes,ASC,2024-08-01,2024,Spanish,DOCX,docs/minutes/2024/aug-2024-asc-minutes-es.docx,3398
Minutes,Jun 2024 ASC Minutes,ASC,2024-06-01,2024,English,DOCX,docs/minutes/2024/jun-2024-asc-minutes-en.docx,24
Minutes,Jun 2024 ASC Minutes,ASC,2024-06-01,2024,Spanish,DOCX,docs/minutes/2024/jun-2024-asc-minutes-es.docx,26
Minutes,May 2024 ASC Minutes,ASC,2024-05-01,2024,English,DOCX,docs/minutes/2024/may-2024-asc-minutes-en.docx,197
Minutes,May 2024 ASC Minutes,ASC,2024-05-01,2024,Spanish,DOCX,docs/minutes/2024/may-2024-asc-minutes-es.docx,200
Minutes,Mar 2024 ASC Minutes,ASC,2024-03-01,2024,English,DOCX,docs/minutes/2024/mar-2024-asc-minutes-en.docx,66
Minutes,Mar 2024 ASC Minutes,ASC,2024-03-01,2024,Spanish,DOCX,docs/minutes/2024/mar-2024-asc-minutes-es.docx,66
Minutes,Feb 2024 ASC Minutes,ASC,2024-02-01,2024,English,DOCX,docs/minutes/2024/feb-2024-asc-minutes-en.docx,65
Minutes,Feb 2024 ASC Minutes,ASC,2024-02-01,2024,Spanish,DOCX,docs/minutes/2024/feb-2024-asc-minutes-es.docx,65
Minutes,Jan 2024 ASA Minutes,ASA,2024-01-01,2024,English,DOCX,docs/minutes/2024/jan-2024-asa-minutes-en.docx,27
Minutes,Jan 2024 ASA Minutes,ASA,2024-01-01,2024,Spanish,DOCX,docs/minutes/2024/jan-2024-asa-minutes-es.docx,26
Minutes,Nov 2023 ASC Minutes,ASC,2023-11-01,2023,English,PDF,docs/minutes/2023/nov-2023-asc-minutes-en.pdf,312
Minutes,Nov 2023 ASC Minutes,ASC,2023-11-01,2023,Spanish,PDF,docs/minutes/2023/nov-2023-asc-minutes-es.pdf,289
Minutes,Oct 2023 ASA Minutes,ASA,2023-10-01,2023,English,PDF,docs/minutes/2023/oct-2023-asa-minutes-en.pdf,95
Minutes,Aug 2023 ASC Minutes,ASC,2023-08-01,2023,English,PDF,docs/minutes/2023/aug-2023-asc-minutes-en.pdf,357
Minutes,Aug 2023 ASC Minutes,ASC,2023-08-01,2023,Spanish,PDF,docs/minutes/2023/aug-2023-asc-minutes-es.pdf,344
Minutes,Jun 2023 ASC Minutes,ASC,2023-06-01,2023,English,PDF,docs/minutes/2023/jun-2023-asc-minutes-en.pdf,393
Minutes,Jun 2023 ASC Minutes,ASC,2023-06-01,2023,Spanish,PDF,docs/minutes/2023/jun-2023-asc-minutes-es.pdf,463
Minutes,May 2023 ASA Minutes,ASA,2023-05-01,2023,English,PDF,docs/minutes/2023/may-2023-asa-minutes-en.pdf,326
Minutes,May 2023 ASA Minutes,ASA,2023-05-01,2023,Spanish,PDF,docs/minutes/2023/may-2023-asa-minutes-es.pdf,377
Minutes,Mar 2023 ASC Minutes,ASC,2023-03-01,2023,English,PDF,docs/minutes/2023/mar-2023-asc-minutes-en.pdf,341
Minutes,Mar 2023 ASC Minutes,ASC,2023-03-01,2023,Spanish,PDF,docs/minutes/2023/mar-2023-asc-minutes-es.pdf,347
Minutes,Feb 2023 ASC Minutes,ASC,2023-02-01,2023,English,PDF,docs/minutes/2023/feb-2023-asc-minutes-en.pdf,313
Minutes,Feb 2023 ASC Minutes,ASC,2023-02-01,2023,Spanish,PDF,docs/minutes/2023/feb-2023-asc-minutes-es.pdf,325
Minutes,Jan 2023 ASA Minutes,ASA,2023-01-01,2023,English,PDF,docs/minutes/2023/jan-2023-asa-minutes-en.pdf,404
Minutes,Jan 2023 ASA Minutes,ASA,2023-01-01,2023,Spanish,PDF,docs/minutes/2023/jan-2023-asa-minutes-es.pdf,383
Minutes,Oct 2022 ASC Minutes,ASC,2022-10-01,2022,English,PDF,docs/minutes/2022/oct-2022-asc-minutes-en.pdf,408
Minutes,Oct 2022 ASC Minutes,ASC,2022-10-01,2022,Spanish,PDF,docs/minutes/2022/oct-2022-asc-minutes-es.pdf,379
Minutes,Sept 2022 ASA Minutes,ASA,2022-09-01,2022,English,PDF,docs/minutes/2022/sept-2022-asa-minutes-en.pdf,337
Minutes,Sept 2022 ASA Minutes,ASA,2022-09-01,2022,Spanish,PDF,docs/minutes/2022/sept-2022-asa-minutes-es.pdf,318
Minutes,Aug 2022 ASC Minutes,ASC,2022-08-01,2022,English,PDF,docs/minutes/2022/aug-2022-asc-minutes-en.pdf,340
Minutes,Aug 2022 ASC Minutes,ASC,2022-08-01,2022,Spanish,PDF,docs/minutes/2022/aug-2022-asc-minutes-es.pdf,370
Minutes,June 2022 ASC Minutes,ASC,2022-06-01,2022,English,PDF,docs/minutes/2022/june-2022-asc-minutes-en.pdf,332
Minutes,June 2022 ASC Minutes,ASC,2022-06-01,2022,Spanish,PDF,docs/minutes/2022/june-2022-asc-minutes-es.pdf,304
Minutes,May 2022 ASA Minutes,ASA,2022-05-01,2022,English,PDF,docs/minutes/2022/may-2022-asa-minutes-en.pdf,343
Minutes,May 2022 ASA Minutes,ASA,2022-05-01,2022,Spanish,PDF,docs/minutes/2022/may-2022-asa-minutes-es.pdf,347
Minutes,Mar 2022 ASC Minutes,ASC,2022-03-01,2022,English,PDF,docs/minutes/2022/mar-2022-asc-minutes-en.pdf,320
Minutes,Feb 2022 ASC Minutes,ASC,2022-02-01,2022,English,PDF,docs/minutes/2022/feb-2022-asc-minutes-en.pdf,315
Minutes,Feb 2022 ASC Minutes,ASC,2022-02-01,2022,Spanish,PDF,docs/minutes/2022/feb-2022-asc-minutes-es.pdf,514
Minutes,Jan 2022 ASA Minutes,ASA,2022-01-01,2022,English,PDF,docs/minutes/2022/jan-2022-asa-minutes-en.pdf,332
Minutes,Jan 2022 ASA Minutes,ASA,2022-01-01,2022,Spanish,PDF,docs/minutes/2022/jan-2022-asa-minutes-es.pdf,325
Minutes,Dec 2021 ASC Minutes,ASC,2021-12-01,2021,English,PDF,docs/minutes/2021/dec-2021-asc-minutes-en.pdf,269
Minutes,Dec 2021 ASC Minutes,ASC,2021-12-01,2021,Spanish,PDF,docs/minutes/2021/dec-2021-asc-minutes-es.pdf,268
Minutes,Nov 2021 ASC Minutes,ASC,2021-11-01,2021,English,PDF,docs/minutes/2021/nov-2021-asc-minutes-en.pdf,466
Minutes,Nov 2021 ASC Minutes,ASC,2021-11-01,2021,Spanish,PDF,docs/minutes/2021/nov-2021-asc-minutes-es.pdf,416
Minutes,Oct 2021 ASC Minutes,ASC,2021-10-01,2021,English,PDF,docs/minutes/2021/oct-2021-asc-minutes-en.pdf,258
Minutes,Oct 2021 ASC Minutes,ASC,2021-10-01,2021,Spanish,PDF,docs/minutes/2021/oct-2021-asc-minutes-es.pdf,155
Minutes,Sep 2021 ASA Minutes,ASA,2021-09-01,2021,English,PDF,docs/minutes/2021/sep-2021-asa-minutes-en.pdf,401
Minutes,Sep 2021 ASA Minutes,ASA,2021-09-01,2021,Spanish,PDF,docs/minutes/2021/sep-2021-asa-minutes-es.pdf,384
Minutes,Aug 2021 ASC Minutes,ASC,2021-08-01,2021,English,PDF,docs/minutes/2021/aug-2021-asc-minutes-en.pdf,273
Minutes,Aug 2021 ASC Minutes,ASC,2021-08-01,2021,Spanish,PDF,docs/minutes/2021/aug-2021-asc-minutes-es.pdf,278
Minutes,June 2021 ASC Minutes,ASC,2021-06-01,2021,English,PDF,docs/minutes/2021/june-2021-asc-minutes-en.pdf,249
Minutes,Jun 2021 ASC Minutes,ASC,2021-06-01,2021,Spanish,PDF,docs/minutes/2021/jun-2021-asc-minutes-es.pdf,284
Minutes,May 2021 ASA Minutes,ASA,2021-05-01,2021,English,PDF,docs/minutes/2021/may-2021-asa-minutes-en.pdf,241
Minutes,May 2021 ASA Minutes,ASA,2021-05-01,2021,Spanish,PDF,docs/minutes/2021/may-2021-asa-minutes-es.pdf,231
Minutes,Mar 2021 ASC Minutes,ASC,2021-03-01,2021,Spanish,PDF,docs/minutes/2021/mar-2021-asc-minutes-es.pdf,325
Minutes,Mar 2021 ASC Minutes,ASC,2021-03-01,2021,English,PDF,docs/minutes/2021/mar-2021-asc-minutes-en.pdf,229
Minutes,Mar 2021 ASC Minutes,ASC,2021-03-01,2021,Spanish,PDF,docs/minutes/2021/mar-2021-asc-minutes-es.pdf,246
Minutes,Feb 2021 ASC Minutes,ASC,2021-02-01,2021,English,PDF,docs/minutes/2021/feb-2021-asc-minutes-en.pdf,275
Minutes,Feb 2021 ASC Minutes,ASC,2021-02-01,2021,Spanish,PDF,docs/minutes/2021/feb-2021-asc-minutes-es.pdf,298
Minutes,Feb 2021 ASC Minutes,ASC,2021-02-01,2021,Spanish,PDF,docs/minutes/2021/feb-2021-asc-minutes-es.pdf,298
Minutes,Jan 2021 ASA Minutes,ASA,2021-01-01,2021,English,PDF,docs/minutes/2021/jan-2021-asa-minutes-en.pdf,284
Minutes,Jan 2021 ASA Minutes,ASA,2021-01-01,2021,Spanish,PDF,docs/minutes/2021/jan-2021-asa-minutes-es.pdf,187
Minutes,Dec 2020 ASC Minutes,ASC,2020-12-01,2020,English,PDF,docs/minutes/2020/dec-2020-asc-minutes-en.pdf,459
Minutes,Dec 2020 ASC Minutes,ASC,2020-12-01,2020,Spanish,PDF,docs/minutes/2020/dec-2020-asc-minutes-es.pdf,551
Minutes,Oct 2020 ASC Minutes,ASC,2020-10-01,2020,English,PDF,docs/minutes/2020/oct-2020-asc-minutes-en.pdf,201
Minutes,Oct 2020 ASC Minutes,ASC,2020-10-01,2020,Spanish,PDF,docs/minutes/2020/oct-2020-asc-minutes-es.pdf,225
Minutes,Sep 2020 ASA Minutes,ASA,2020-09-01,2020,English,PDF,docs/minutes/2020/sep-2020-asa-minutes-en.pdf,203
Minutes,Sep 2020 ASA Minutes,ASA,2020-09-01,2020,Spanish,PDF,docs/minutes/2020/sep-2020-asa-minutes-es.pdf,133
Minutes,Aug 2020 ASC Minutes,ASC,2020-08-01,2020,English,PDF,docs/minutes/2020/aug-2020-asc-minutes-en.pdf,146
Minutes,Aug 2020 ASC Minutes,ASC,2020-08-01,2020,Spanish,PDF,docs/minutes/2020/aug-2020-asc-minutes-es.pdf,343
Minutes,June 2020 ASC Minutes,ASC,2020-06-01,2020,English,PDF,docs/minutes/2020/june-2020-asc-minutes-en.pdf,48
Minutes,June 2020 ASC Minutes,ASC,2020-06-01,2020,Spanish,PDF,docs/minutes/2020/june-2020-asc-minutes-es.pdf,137
Minutes,May 2020 ASA Minutes,ASA,2020-05-01,2020,English,PDF,docs/minutes/2020/may-2020-asa-minutes-en.pdf,179
Minutes,May 2020 ASA Minutes,ASA,2020-05-01,2020,Spanish,PDF,docs/minutes/2020/may-2020-asa-minutes-es.pdf,192
Minutes,Mar 2020 ASC Minutes,ASC,2020-03-01,2020,English,PDF,docs/minutes/2020/mar-2020-asc-minutes-en.pdf,92
Minutes,Mar 2020 ASC Minutes,ASC,2020-03-01,2020,Spanish,PDF,docs/minutes/2020/mar-2020-asc-minutes-es.pdf,91
Minutes,Feb 2020 ASC Minutes,ASC,2020-02-01,2020,English,PDF,docs/minutes/2020/feb-2020-asc-minutes-en.pdf,106
Minutes,Jan 2020 ASC Minutes,ASC,2020-01-01,2020,English,PDF,docs/minutes/2020/jan-2020-asc-minutes-en.pdf,114
Minutes,Jan 2020 ASC Minutes,ASC,2020-01-01,2020,Spanish,PDF,docs/minutes/2020/jan-2020-asc-minutes-es.pdf,223
Minutes,Dec 2019 ASC Minutes,ASC,2019-12-01,2019,English,PDF,docs/minutes/2019/dec-2019-asc-minutes-en.pdf,192
Minutes,Dec 2019 ASC Minutes,ASC,2019-12-01,2019,Spanish,PDF,docs/minutes/2019/dec-2019-asc-minutes-es.pdf,197
Minutes,Nov 2019 ASC Minutes,ASC,2019-11-01,2019,English,PDF,docs/minutes/2019/nov-2019-asc-minutes-en.pdf,256
Minutes,Nov 2019 ASC Minutes,ASC,2019-11-01,2019,Spanish,PDF,docs/minutes/2019/nov-2019-asc-minutes-es.pdf,244
Minutes,Oct 2019 ASA Minutes,ASA,2019-10-01,2019,English,PDF,docs/minutes/2019/oct-2019-asa-minutes-en.pdf,91
Minutes,Oct 2019 ASA Minutes,ASA,2019-10-01,2019,Spanish,PDF,docs/minutes/2019/oct-2019-asa-minutes-es.pdf,109
Minutes,Sep 2019 ASA Minutes,ASA,2019-09-01,2019,English,PDF,docs/minutes/2019/sep-2019-asa-minutes-en.pdf,288
Minutes,Sep 2019 ASA Minutes,ASA,2019-09-01,2019,Spanish,PDF,docs/minutes/2019/sep-2019-asa-minutes-es.pdf,246
Minutes,Aug 2019 ASC Minutes,ASC,2019-08-01,2019,English,PDF,docs/minutes/2019/aug-2019-asc-minutes-en.pdf,257
Minutes,Aug 2019 ASC Minutes,ASC,2019-08-01,2019,Spanish,PDF,docs/minutes/2019/aug-2019-asc-minutes-es.pdf,238
Minutes,Jun 2019 ASC Minutes,ASC,2019-06-01,2019,English,PDF,docs/minutes/2019/jun-2019-asc-minutes-en.pdf,179
Minutes,Jun 2019 ASC Minutes,ASC,2019-06-01,2019,Spanish,PDF,docs/minutes/2019/jun-2019-asc-minutes-es.pdf,188
Minutes,Apr 2019 ASA Minutes,ASA,2019-04-01,2019,English,PDF,docs/minutes/2019/apr-2019-asa-minutes-en.pdf,232
Minutes,Apr 2019 ASA Minutes,ASA,2019-04-01,2019,Spanish,PDF,docs/minutes/2019/apr-2019-asa-minutes-es.pdf,221
Minutes,Mar 2019 ASC Minutes,ASC,2019-03-01,2019,English,PDF,docs/minutes/2019/mar-2019-asc-minutes-en.pdf,170
Minutes,Mar 2019 ASC Minutes,ASC,2019-03-01,2019,Spanish,PDF,docs/minutes/2019/mar-2019-asc-minutes-es.pdf,208
Minutes,Feb 2019 ASC Minutes,ASC,2019-02-01,2019,English,PDF,docs/minutes/2019/feb-2019-asc-minutes-en.pdf,271
Minutes,Feb 2019 ASC Minutes,ASC,2019-02-01,2019,Spanish,PDF,docs/minutes/2019/feb-2019-asc-minutes-es.pdf,235
Minutes,Jan 2019 ASA Minutes,ASA,2019-01-01,2019,English,PDF,docs/minutes/2019/jan-2019-asa-minutes-en.pdf,324
Minutes,Jan 2019 ASA Minutes,ASA,2019-01-01,2019,Spanish,PDF,docs/minutes/2019/jan-2019-asa-minutes-es.pdf,324
Minutes,Dec 2018 ASC Minutes,ASC,2018-12-01,2018,English,PDF,docs/minutes/2018/dec-2018-asc-minutes-en.pdf,218
Minutes,Dec 2018 ASC Minutes,ASC,2018-12-01,2018,Spanish,PDF,docs/minutes/2018/dec-2018-asc-minutes-es.pdf,265
Minutes,Oct 2018 ASC Minutes,ASC,2018-10-01,2018,English,PDF,docs/minutes/2018/oct-2018-asc-minutes-en.pdf,209
Minutes,Oct 2018 ASC Minutes,ASC,2018-10-01,2018,Spanish,PDF,docs/minutes/2018/oct-2018-asc-minutes-es.pdf,202
Minutes,Sep 2018 ASA Minutes,ASA,2018-09-01,2018,English,PDF,docs/minutes/2018/sep-2018-asa-minutes-en.pdf,275
Minutes,Sep 2018 ASA Minutes,ASA,2018-09-01,2018,Spanish,PDF,docs/minutes/2018/sep-2018-asa-minutes-es.pdf,233
Minutes,Aug 2018 ASC Minutes,ASC,2018-08-01,2018,English,PDF,docs/minutes/2018/aug-2018-asc-minutes-en.pdf,196
Minutes,Aug 2018 ASC Minutes,ASC,2018-08-01,2018,Spanish,PDF,docs/minutes/2018/aug-2018-asc-minutes-es.pdf,204
Minutes,Jun 2018 ASC Minutes,ASC,2018-06-01,2018,English,PDF,docs/minutes/2018/jun-2018-asc-minutes-en.pdf,185
Minutes,Jun 2018 ASC Minutes,ASC,2018-06-01,2018,Spanish,PDF,docs/minutes/2018/jun-2018-asc-minutes-es.pdf,190
Minutes,May 2018 ASA Minutes,ASA,2018-05-01,2018,English,PDF,docs/minutes/2018/may-2018-asa-minutes-en.pdf,203
Minutes,May 2018 ASA Minutes,ASA,2018-05-01,2018,Spanish,PDF,docs/minutes/2018/may-2018-asa-minutes-es.pdf,189
Minutes,Mar 2018 ASC Minutes,ASC,2018-03-01,2018,English,PDF,docs/minutes/2018/mar-2018-asc-minutes-en.pdf,164
Minutes,Mar 2018 ASC Minutes,ASC,2018-03-01,2018,Spanish,PDF,docs/minutes/2018/mar-2018-asc-minutes-es.pdf,140
Minutes,Feb 2018 ASC Minutes,ASC,2018-02-01,2018,English,PDF,docs/minutes/2018/feb-2018-asc-minutes-en.pdf,320
Minutes,Feb 2018 ASC Minutes,ASC,2018-02-01,2018,Spanish,PDF,docs/minutes/2018/feb-2018-asc-minutes-es.pdf,139
Minutes,Jan 2018 ASA Minutes,ASA,2018-01-01,2018,English,PDF,docs/minutes/2018/jan-2018-asa-minutes-en.pdf,133
Minutes,Jan 2018 ASA Minutes,ASA,2018-01-01,2018,Spanish,PDF,docs/minutes/2018/jan-2018-asa-minutes-es.pdf,116
Contributions,7th Tradition Contributions - What Are The Ways? (EN & SP),,2026-06-18,2026,English / Espanol,PDF,docs/flyers/7th-tradition-contributions-en-sp.pdf,1110
Contributions,F-203 - The Seventh Tradition: Carry the Message,,2023-05-01,2023,English,PDF,docs/contributions/f-203-the-seventh-tradition-carry-the-message-en.pdf,1956
Conference,Final Conference Report - PLBB excerpts,,2025-03-01,2025,English,PDF,docs/conference/final-conference-report-plbb-excerpts-en.pdf,65
Conference,Extractos del Informe Final de la Conferencia sobre el PLBB,,2025-03-01,2025,Spanish,PDF,docs/conference/extractos-del-informe-final-de-la-conferencia-sobre-el-plbb-es.pdf,71
Conference,PLBB FAQs 2024,,2025-03-01,2025,English,DOCX,docs/conference/plbb-faqs-2024-en.docx,10
Conference,PLBB Preguntas Frecuentes 2024,,2025-03-01,2025,Spanish,PDF,docs/conference/plbb-preguntas-frecuentes-2024-es.pdf,221
Calendar,2026 Approved MSCA09 Calendar,,2026-01-01,2026,English / Espanol,PDF,docs/calendars/2026-approved-msca09-calendar-en.pdf,66
Calendar,MSCA09 Service Meetings - District Calendar Flyer,,2026-01-01,2026,English,PDF,docs/flyers/msca09-service-meetings-calendar.pdf,229
