group,title,title_es,url,description,description_es,icon
New to A.A.,What is A.A.?,Que es A.A.?,https://www.aa.org/what-is-aa,A plain answer to the first question most people ask.,Una respuesta sencilla a la primera pregunta.,circle-question
New to A.A.,New to A.A.,Nuevo en A.A.,https://www.aa.org/new-to-aa,For anyone wondering whether they have a problem with alcohol.,Para quien se pregunta si tiene un problema con el alcohol.,door-open
New to A.A.,Find a Meeting,Encuentra una Reunion,https://www.aa.org/find-aa,A.A.'s official meeting finder for the U.S. and Canada.,El buscador oficial de reuniones de A.A.,magnifying-glass-location
New to A.A.,Meeting Guide App,Aplicacion Meeting Guide,https://www.aa.org/meeting-guide-app,The free A.A. meeting app for iOS and Android.,La aplicacion gratuita de reuniones de A.A.,mobile-screen
New to A.A.,Online Intergroup of A.A.,Intergrupo en Linea de A.A.,https://aa-intergroup.org/,Online and phone meetings around the clock.,Reuniones en linea y por telefono a toda hora.,globe
New to A.A.,A.A. en Espanol,A.A. en Espanol,https://www.aa.org/es,aa.org in Spanish.,aa.org en espanol.,language
The Legacies,The Twelve Steps,Los Doce Pasos,https://www.aa.org/the-twelve-steps,Recovery — the program of A.A.,Recuperacion: el programa de A.A.,shoe-prints
The Legacies,The Twelve Traditions,Las Doce Tradiciones,https://www.aa.org/the-twelve-traditions,Unity — how A.A. groups stay together.,Unidad: como permanecen unidos los grupos.,link
The Legacies,The Twelve Concepts for World Service,Los Doce Conceptos,https://www.aa.org/the-twelve-concepts,Service — how A.A. as a whole functions.,Servicio: como funciona A.A. en su conjunto.,sitemap
The Legacies,The A.A. Preamble,El Preambulo de A.A.,https://www.aa.org/aa-preamble,Read at the start of nearly every A.A. meeting.,Se lee al inicio de casi toda reunion de A.A.,quote-left
The Legacies,A Declaration of Unity,Declaracion de Unidad,https://www.aa.org/a-declaration-of-unity,"""This we owe to A.A.'s future...""","""Esto le debemos al futuro de A.A....""",handshake-angle
General Service,The A.A. Service Manual / Twelve Concepts,Manual de Servicio de A.A.,https://www.aa.org/aa-service-manualtwelve-concepts-world-services,"The handbook for every G.S.R., D.C.M. and Area officer.","El manual de todo R.S.G., M.C.D. y oficial de Area.",book-bookmark
General Service,The A.A. Group,El Grupo de A.A.,https://www.aa.org/the-aa-group,"How a group works, and how it connects to A.A. as a whole.",Como funciona un grupo y como se conecta con A.A.,people-roof
General Service,General Service Representative (G.S.R.),Representante de Servicios Generales,https://www.aa.org/gsr-general-service-representative,The link between a group and A.A. as a whole.,El vinculo entre el grupo y A.A. en su conjunto.,link
General Service,Structure of the Conference (U.S. & Canada),Estructura de la Conferencia,https://www.aa.org/structure-conference-us-and-canada,"How groups, districts, areas and the Conference fit together.","Como encajan grupos, distritos, areas y la Conferencia.",diagram-project
General Service,Regional & Local Forums,Foros Regionales y Locales,https://www.aa.org/regional-local-and-special-forums,Weekend sharing sessions with the General Service Board.,Sesiones de comparticion con la Junta de Servicios Generales.,comments
General Service,Area web sites (U.S. & Canada),Sitios de las Areas,https://www.aa.org/list-of-general-service-conference-area-web-sites-uscanada,"Every General Service Conference area, listed by G.S.O.","Cada area de la Conferencia, listada por la O.S.G.",map
General Service,PRAASA,PRAASA,https://praasa.org/,Pacific Region A.A. Service Assembly.,Asamblea de Servicio de A.A. de la Region del Pacifico.,mountain-sun
Anonymity & Safety,A.A. and Anonymity,A.A. y el Anonimato,https://www.aa.org/aa-and-anonymity,"Why we keep last names off of press, radio, film and the internet.",Por que no usamos apellidos en la prensa ni en internet.,user-secret
Anonymity & Safety,Anonymity Letter to the Media,Carta a los Medios,https://www.aa.org/anonymity-letter-to-media,The letter G.S.O. sends when A.A. is covered publicly.,La carta que la O.S.G. envia a los medios.,envelope-open-text
Anonymity & Safety,Safety and A.A.,Seguridad y A.A.,https://www.aa.org/safety-and-aa-flyer,Our common welfare comes first — safety in A.A. groups.,Nuestro bienestar comun es primero.,shield-heart
Anonymity & Safety,Safety Card for A.A. Groups,Tarjeta de Seguridad,https://www.aa.org/safety-card-aa-groups,A card a group can read at the start of a meeting.,Una tarjeta que el grupo puede leer al inicio.,id-card
Self-Support,Self-Support: Where Money and Spirituality Mix,Automantenimiento,https://www.aa.org/self-support-where-money-and-spirituality-mix,The Seventh Tradition in practice.,La Septima Tradicion en la practica.,hand-holding-dollar
Self-Support,A.A. Contributions & Self-Support,Contribuciones y Automantenimiento,https://www.aa.org/aa-contributions-self-support,"Where contributions go, and the limits we place on them.",A donde van las contribuciones y sus limites.,coins
Literature,A.A. Literature,Literatura de A.A.,https://www.aa.org/aa-literature,Conference-approved books and pamphlets.,Libros y folletos aprobados por la Conferencia.,book
Literature,Alcoholics Anonymous (the Big Book) online,El Libro Grande en linea,https://www.aa.org/big-book-online,"Read the Big Book free, in full.",Lee el Libro Grande gratis y completo.,book-open
Literature,Twelve Steps and Twelve Traditions online,Doce Pasos y Doce Tradiciones,https://www.aa.org/twelve-steps-twelve-traditions,"Read the ""12 & 12"" free, in full.","Lee el ""12 y 12"" gratis y completo.",book-open
Literature,A.A. Grapevine,A.A. Grapevine,https://www.aagrapevine.org/,"Our meeting in print, since 1944.",Nuestra reunion impresa desde 1944.,newspaper
Literature,La Vina,La Vina,https://www.aalavina.org/,La revista de A.A. en espanol.,La revista de A.A. en espanol.,newspaper
Nearby Central Offices,Orange County Central Office,Oficina Central del Condado de Orange,https://www.oc-aa.org/,,,building
Nearby Central Offices,North Orange County Intergroup,Intergrupo del Norte del Condado de Orange,https://www.aanoc.org/,,,building
Nearby Central Offices,Harbor Area Central Office,Oficina Central del Area del Puerto,https://hacoaa.org/,,,building
Nearby Central Offices,Alano South Bay Central Office,Oficina Central de South Bay,https://asbco.org/,,,building
Nearby Central Offices,Inland Empire Central Office,Oficina Central del Inland Empire,https://aainlandempire.org/,,,building
Nearby Central Offices,A.A. in the Desert (Coachella Valley),A.A. en el Desierto,https://aainthedesert.org/,,,building
Nearby Central Offices,Victor Valley Central Office,Oficina Central de Victor Valley,https://victorvalleyaa.org/,,,building
